MLRA,compname,count
96,Plainfield,1181101
96,Coloma,1073113
96,Spinks,953230
96,Grattan,687700
96,Benona,529206
96,Kaleva,485836
96,Emmet,398227
96,Leelanau,389899
96,East Lake,387072
96,Covert,342412
96,Kalkaska,334451
96,Pipestone,311278
96,Benzonia,292528
96,Entic Haplorthods,264808
96,Typic Udipsamments,235205
96,Adrian,223370
96,Metea,217717
96,Houghton,194441
96,Montcalm,193203
96,Rubicon,191306
96,Roscommon,187710
96,Fern,180793
96,Carlisle,171150
96,Tawas,167866
96,Glendora,164008
96,Marlette,163996
96,Mancelona,150578
96,Dair,129243
96,Kingsville,128194
96,Saugatuck,121630
96,Graycalm,121315
96,Remus,119884
96,Croswell,115066
96,Capac,111380
96,Brems,108210
96,Nessen,100183
96,Omena,96387
96,Epworth,95107
96,Shavenaugh,88556
96,Ithaca,78600
96,Kerston,74877
96,Jebavy,73957
96,Arkona,73848
96,Tekenink,73825
96,Perrinton,73105
96,Granby,72407
96,Onekama,71631
96,Wixom,70872
96,Markey,70412
96,Deer Park,70165
96,Lupton,69203
96,Alfic Haplorthods,65382
96,Au Gres,62475
96,Toogood,60802
96,Brethren,58607
96,Nester,55711
96,Nordhouse,53139
96,Filer,50654
96,Mecosta,44680
96,Richter,43724
96,Fogg,42153
96,Mollic Psammaquents,39132
96,Selfridge,38862
96,Gowdy,36245
96,Del Rey,35727
96,Eastport,34399
96,Ubly,34167
96,Lamellic Udipsamments,33641
96,Boyer,33256
96,Aquic Udipsamments,32114
96,Sparta,31290
96,Thetford,30541
96,Lamellic Haplorthods,29052
96,Finch,28871
96,Tonkey,28585
96,Tatches,24982
96,Algansee,24949
96,Cosad,24867
96,Gorvan,23604
96,Ensley,21570
96,Kawkawlin,21000
96,Alcona,20460
96,Sickles,19991
96,Chelsea,18809
96,Tustin,18716
96,Islandlake,18427
96,Typic Psammaquents,17252
96,Aeric Haplaquods,17174
96,Milnichol,16952
96,Iosco,15618
96,Scalley,15332
96,Oxyaquic Udipsamments,14169
96,Lamson,14036
96,Okee,13910
96,Edwards,13560
96,Onaway,13494
96,Rifle,13454
96,Allendale,13366
96,Belding,13312
96,Thompsonville,13044
96,Manistee,12390
96,Hettinger,12356
96,Martisco,12181
96,Alpena,12023
96,Freesoil,12012
96,Typic Haplorthods,11564
96,Cohoctah,11452
96,Typic Duraquods,11441
96,Loxley,11362
96,Watseka,11358
96,Napoleon,11334
96,Typic Haplaquolls,10132
96,Mollineaux,10029
96,Kiva,9837
96,Platteriver,9809
96,Bono,9787
96,Typic Haplaquods,9484
96,Alvin,9222
96,Parkhill,9047
96,Dixboro,8342
96,Arkport,8286
96,Winterfield,8233
96,Nappanee,8125
96,Sloan,7995
96,Kinross,7336
96,Abscota,7242
96,Ziegenfuss,7098
96,Healylake,7023
96,Wallace,6782
96,Rousseau,6686
96,Deford,6470
96,Detour,6433
96,Charlevoix,6406
96,Pickford,6356
96,Ogemaw,6170
96,Altmar,6048
96,Hoytville,5815
96,Argic Udipsamments,5791
96,Wauseon,5641
96,Copemish,5581
96,Claybanks,5175
96,Madaus,5103
96,Typic Endoaquods,5066
96,Selkirk,4757
96,Kibbie,4709
96,Munuscong,4687
96,Melita,4644
96,Haplic Glossudalfs,4496
96,Menominee,4473
96,Oxyaquic Haplorthods,4392
96,Alfic Oxyaquic Haplorthods,4067
96,Ceresco,4021
96,Lumley,4014
96,Makinen,4014
96,Muck,3897
96,Guelph,3851
96,Pinconning,3818
96,Willette,3694
96,Dawson,3684
96,Leafriver,3459
96,Poy,3071
96,Greenwood,2987
96,Southwells,2710
96,Alluvial land,2666
96,Sims,2621
96,Epoufette,2615
96,Gladwin,2570
96,Marl beds,2497
96,Palms,2446
96,Riverdale,2355
96,Sanilac,2308
96,Blue Lake,2092
96,Bach,1981
96,Goodharbor,1846
96,Springlake,1821
96,Typic Epiaquolls,1815
96,Ausable,1750
96,Bowstring,1750
96,Linwood,1678
96,Alfic Udipsamments,1635
96,Ingalls,1559
96,Saranac,1559
96,Morocco,1417
96,Tuscola,1366
96,Milarch,1315
96,Negwegon,1301
96,Edmore,1202
96,Karlin,1046
96,Vestaburg,967
96,Lindquist,931
96,Wakeley,895
96,Dighton,632
96,Ronald,577
96,Warners,526
96,Elmdale,494
96,Morganlake,489
96,Woodman,489
96,Algonquin,438
96,Locke,385
96,McBride,336
96,Springport,270
96,Aubbeenaubbee,217
96,Brevort,153
96,Leoni,141
96,Kent,136
96,Newaygo,109
96,Burleigh,71
96,Corunna,66
96,Halfaday,40
96,Palo,36
96,Coventry,25
96,Grayling,5
96,Isabella,1
97,Plainfield,1113067
97,Orthents,721058
97,Pipestone,459551
97,Blount,435713
97,Capac,418377
97,Spinks,401612
97,Covert,391826
97,Riddles,390213
97,Oshtemo,362371
97,Chelsea,300263
97,Granby,296704
97,Thetford,261617
97,Oakville,234519
97,Houghton,195772
97,Saugatuck,184243
97,Morocco,175053
97,Selfridge,172535
97,Cohoctah,162614
97,Rimer,157401
97,Perrinton,155112
97,Au Gres,144533
97,Filer,137947
97,Coloma,135197
97,Metea,134174
97,Kawkawlin,124407
97,Marlette,116920
97,Adrian,116621
97,Onekama,116498
97,Wasepi,112395
97,Roscommon,110908
97,Gilford,109412
97,Kingsville,107287
97,Glendora,100831
97,Pewamo,99695
97,Nester,91436
97,Sloan,87689
97,Brems,85079
97,Ockley,84937
97,Glynwood,84600
97,Brady,81211
97,Crosier,78110
97,Kibbie,71362
97,Maumee,68053
97,Ubly,67099
97,Newton,66362
97,Colwood,65890
97,Tracy,65190
97,Watseka,64131
97,Ithaca,63526
97,Algansee,61401
97,Allendale,57672
97,Belding,51101
97,Tekenink,50229
97,Belleville,49186
97,Whitaker,48560
97,Tedrow,46583
97,Iosco,45408
97,Carlisle,45165
97,Mancelona,43146
97,Morley,41931
97,Del Rey,37870
97,Kerston,37860
97,Sebewa,37313
97,Wixom,36917
97,Metamora,35628
97,Milford,34135
97,Pella,32542
97,Palms,32297
97,Boyer,32254
97,Monitor,31914
97,Sims,31033
97,Tonkey,30940
97,Rensselaer,30046
97,Ashkum,27801
97,Richter,27082
97,Deford,26812
97,Matherton,26093
97,Croswell,25485
97,Ozaukee,25195
97,Martinsville,23488
97,Shoals,23236
97,Psamments,20987
97,Ceresco,20921
97,Brookston,20821
97,Edwards,20485
97,Tawas,19542
97,Menominee,19314
97,Tuscola,18956
97,Bowers,18679
97,Tustin,18456
97,Saranac,18355
97,Fern,18071
97,Hettinger,16222
97,Gladwin,16102
97,Pinconning,14872
97,Abscota,14794
97,Selkirk,14658
97,Grattan,14547
97,Warners,14471
97,Alfic Udarents,14353
97,Washtenaw,14038
97,Aquents,13956
97,Wallkill,13177
97,Owosso,12769
97,Bourbon,12703
97,Ottokee,12535
97,Elliott,12446
97,Breckenridge,12089
97,Sparta,12057
97,Seward,11810
97,Kalamazoo,11194
97,Wawasee,10253
97,Parkhill,9766
97,Tyner,9022
97,Hillsdale,8592
97,Suman,8427
97,Bronson,8250
97,Osolo,8239
97,Haskins,7679
97,Corunna,7625
97,Homer,7550
97,Martisco,6797
97,Lenawee,6207
97,Ormas,6077
97,Wauseon,6070
97,Lacota,5975
97,Bono,5602
97,Scalley,5489
97,Toledo,5251
97,Poy,4942
97,Alida,4800
97,Pickford,4774
97,Napoleon,4237
97,Dixboro,4083
97,Miami,3813
97,Oxyaquic Udipsamments,3635
97,Saylesville,3585
97,Kalkaska,3576
97,Brevort,3516
97,Darroch,3371
97,Conover,3337
97,Sickles,3157
97,Rawson,3076
97,Hanna,2941
97,Elvers,2846
97,Cheektowaga,2799
97,Bruce,2535
97,Landes,2508
97,Newaygo,2268
97,Wallace,2261
97,Perrin,2197
97,Pinhook,1860
97,Fox,1794
97,Cosad,1786
97,Kent,1410
97,Arkport,1298
97,Lydick,1254
97,Door,998
97,Woodbeck,986
97,Lamson,887
97,Okee,782
97,Linwood,758
97,Southwest,714
97,Teasdale,640
97,Quinn,631
97,Sawmill,592
97,Wesley,501
97,Martinton,491
97,Muskego,480
97,Jebavy,440
97,Toogood,413
97,Coupee,339
97,Troxel,276
97,Hoopeston,243
97,Cassopolis,158
97,Markham,134
97,Mundelein,131
97,Wunabuna,125
97,Elston,24
97,Bryce,23
97,Faxon,20
97,Barry,10
97,Rousseau,5
98,Oshtemo,3564750
98,Spinks,2791470
98,Marlette,2481867
98,Conover,2160139
98,Boyer,2136048
98,Houghton,2102482
98,Capac,1702266
98,Gilford,1663328
98,Riddles,1654915
98,Kalamazoo,1470938
98,Hillsdale,1305880
98,Wawasee,1274145
98,Coloma,1183951
98,Fox,1060210
98,Maumee,1008982
98,Sebewa,884940
98,Adrian,860534
98,Plainfield,763312
98,Oakville,751218
98,Brookston,743244
98,Tekenink,721306
98,Filer,646672
98,Morocco,625886
98,Brady,607760
98,Owosso,576546
98,Ormas,573103
98,Parkhill,564714
98,Chelsea,546912
98,Carlisle,526132
98,Granby,491741
98,Colwood,490881
98,Miami,464854
98,McBride,422873
98,Brems,418718
98,Tracy,416052
98,Cohoctah,384479
98,Elmdale,375151
98,Palms,372810
98,Tyner,371557
98,Celina,358570
98,Metamora,356640
98,Locke,355371
98,Onekama,351231
98,Watseka,341408
98,Metea,326410
98,Wasepi,315439
98,Rensselaer,310328
98,Kibbie,303735
98,Bronson,299048
98,Matherton,291445
98,Bristol,278845
98,Selfridge,272987
98,Edwards,268765
98,Mancelona,268064
98,Blount,264489
98,Thetford,258383
98,Zadog,256486
98,Elston,248986
98,Williamstown,245410
98,Osolo,240290
98,Barry,232630
98,Isabella,225155
98,Teasdale,212716
98,Aubbeenaubbee,203753
98,Morley,188418
98,Sleeth,182955
98,Sloan,176251
98,Coupee,167667
98,Ithaca,163890
98,Lapeer,161641
98,Remus,157574
98,Schoolcraft,156438
98,Glendora,150883
98,Leoni,144889
98,Arkport,139673
98,Glynwood,136337
98,Bourbon,132791
98,Tawas,128078
98,Ockley,125360
98,Ridgeville,121424
98,Crosier,121240
98,Rifle,111176
98,Del Rey,108723
98,Newton,104999
98,Okee,103361
98,Sims,103044
98,Selma,101356
98,Tedrow,101091
98,Kosciusko,101002
98,Denham,100307
98,Wolcott,95970
98,Pewamo,92516
98,Linwood,87561
98,Craigmile,87311
98,Ade,87021
98,Perrinton,82620
98,Lenawee,79275
98,Shipshe,78267
98,Algansee,72660
98,Prochaska,71846
98,Hanna,70683
98,Kidder,70312
98,Pinhook,69049
98,Dixboro,68748
98,Suman,62369
98,Ceresco,61613
98,Lamson,60325
98,Gladwin,59072
98,Rockton,58260
98,Macomb,57328
98,Darroch,57056
98,Edmore,56742
98,Bainter,54737
98,Cassopolis,54396
98,Newaygo,53576
98,Epoufette,51689
98,Ensley,51511
98,Braidwood,51274
98,Montcalm,51190
98,Branch,50988
98,Palo,50594
98,Corunna,50023
98,Menominee,48789
98,Auten,48523
98,Kendallville,47072
98,Ronald,47031
98,Door,45566
98,Kingsville,45444
98,Vistula,45335
98,Guelph,44086
98,Timakwa,43853
98,Napoleon,43412
98,Belding,42644
98,Quinn,42617
98,Homer,41935
98,Coral,41713
98,Eleva,40809
98,Pinnebog,40581
98,Berville,40321
98,Shoals,38883
98,Kawkawlin,38163
98,Nester,37380
98,Tuscola,37190
98,Covert,36947
98,St. Clair,35456
98,Sparta,34948
98,Melita,33914
98,Martisco,33142
98,Sisson,32602
98,Alida,32300
98,Drummer,31827
98,Lupton,31539
98,Faxon,31503
98,Abscota,31462
98,Washtenaw,30934
98,Pella,30842
98,Tallmadge,30840
98,Hatmaker,30232
98,Fabius,30186
98,Mecosta,29971
98,Scalley,29706
98,Ziegenfuss,29551
98,Pipestone,29521
98,Reddick,29158
98,Minoa,29127
98,Volinia,28941
98,Henrietta,28700
98,Ackerman,28497
98,Goodell,28311
98,Dryden,27595
98,Riverdale,27574
98,Iosco,26669
98,Orthents,26579
98,Keowns,26205
98,Plattville,25950
98,Gravelton,25735
98,Milford,25568
98,Vestaburg,25172
98,Dunham,25117
98,Moon,25049
98,Bonfield,24722
98,Martinsville,24466
98,Belleville,24258
98,Kankakee,24254
98,Mussey,24208
98,Dowagiac,24091
98,Ottokee,24028
98,Seafield,23966
98,Nappanee,23918
98,Lydick,23907
98,Troxel,23882
98,Perrin,23718
98,Sawmill,23621
98,Andres,23226
98,Toto,22410
98,Thomas,22241
98,Muskego,21795
98,Channahon,21197
98,Ambraw,20886
98,Breckenridge,20401
98,Antung,19784
98,Conrad,18923
98,Bryce,18760
98,Wallkill,18583
98,Greenwood,18385
98,Ubly,18240
98,Brevort,18210
98,Roselms,17790
98,Fieldon,17739
98,Waterford,17655
98,Ionia,17631
98,Roscommon,17500
98,Kokomo,17273
98,Carmi,15914
98,Brenton,15697
98,Saranac,15650
98,Landes,15555
98,Alluvial land,15524
98,Waupecan,15461
98,Markton,15204
98,Lawson,15171
98,La Hogue,14865
98,Mishawaka,14766
98,Whitaker,14742
98,Hoytville,14504
98,Paulding,14468
98,Onarga,14237
98,Shadeland,13956
98,Warsaw,13426
98,Calamine,13188
98,Jasper,13048
98,Monitor,12778
98,Symerton,12421
98,Nesius,11747
98,Joliet,11616
98,Monon,11551
98,Whitepost,11421
98,Steamburg,11389
98,Wauseon,11175
98,Lorenzo,10794
98,Cadmus,10338
98,Beardstown,10128
98,Wixom,10104
98,Casco,9984
98,Cresent,9850
98,Eel,9833
98,Warners,9534
98,Zaborosky,9479
98,Gumz,9090
98,Nottawa,8715
98,Whalan,8707
98,Woodbeck,8580
98,Kentland,8486
98,Odell,8415
98,Moston,8313
98,Roby,8311
98,Hononegah,8246
98,High Gap,8183
98,Arkona,8056
98,Tustin,7959
98,Romeo,7788
98,Alvin,7710
98,Papineau,7640
98,Grundelein,7501
98,Madaus,7397
98,Grattan,7201
98,Seafield variant,7012
98,Tobico,6913
98,Bixby,6845
98,Crumstown,6815
98,Rimer,6809
98,Genesee,6742
98,Griswold,6529
98,Markey,6384
98,Lenzburg,6278
98,Richter,6246
98,Ritchey,6021
98,Ross,5814
98,Otisco,5759
98,Seward,5652
98,Elliott,5575
98,Markham,5508
98,Millsdale,5346
98,Iroquois,5314
98,Aurelius,5286
98,Griffin,5223
98,Saylesville,5149
98,Rodman,5120
98,Kerston,5054
98,Bloomfield,5029
98,Peotone,5023
98,Winamac,4958
98,Ypsi,4940
98,Ozaukee,4921
98,Starks,4854
98,Fulton,4820
98,Comfrey,4510
98,Alcona,4454
98,Willette,4434
98,Tonkey,4289
98,Londo,4168
98,Latty,4155
98,Will,4095
98,Radioville,4084
98,Edselton,3969
98,Millington,3963
98,Croswell,3891
98,Hixton,3759
98,Budd,3599
98,Elizabeth,3579
98,Proctor,3476
98,Navunon,3466
98,Granby variant,3391
98,Bowes,3345
98,Rawson,3262
98,Winneshiek,3260
98,Graycalm,3186
98,Kane,3117
98,Boots,3055
98,Allendale,3043
98,Varna,3026
98,Beecher,2568
98,Martinton,2563
98,Colonville,2517
98,Wunabuna,2371
98,Loxley,2370
98,Toogood,2329
98,Chenoa,2285
98,Ashkum,2277
98,Southwest,2236
98,Pinconning,2180
98,Dighton,2168
98,Corwin,2100
98,Saverine,2020
98,Haskins,1996
98,Swygert,1851
98,Avoca,1814
98,Au Gres,1790
98,Rollin,1784
98,Sumava,1715
98,Camden,1714
98,Dresden,1673
98,Baugo,1618
98,Du Page,1587
98,Headlee,1501
98,Harpster,1498
98,Midtown,1419
98,Shebeon,1419
98,Tappan,1399
98,Desker,1336
98,Bono,1323
98,Olentangy,1299
98,Spalding,1250
98,Strole,1199
98,Millgrove,1177
98,Whiskerville,1173
98,Rapson,1132
98,Wesley,1117
98,Simonin,1083
98,Chatsworth,1074
98,Bach,1011
98,Mokena,1010
98,Graymont,1004
98,Wheatley,1002
98,Kent,976
98,Millbrook,957
98,Mermill,933
98,Francesville,923
98,Winegars,911
98,Montgomery,870
98,Ayr,847
98,Berrien,773
98,Grayling,718
98,Hennepin,683
98,Rubicon,668
98,Sanilac,665
98,Ogden,635
98,Octagon,504
98,Munuscong,503
98,Lena,493
98,Rondeau,492
98,Ormas variant,480
98,Arenac,427
98,Montmorenci,333
98,Bergland,323
98,Selkirk,322
98,Shallow sandy land,313
98,Barrington,284
98,Grovecity,264
98,Jamestown,257
98,Glenhall,242
98,Medaryville,220
98,Toledo,213
98,Elvers,183
98,Rantoul,157
98,Titus,151
98,Foresman,132
98,Thorp,129
98,Ayrmount,117
98,Rush,117
98,Cosad,99
98,Sickles,89
98,Jeddo,63
98,Parr,59
98,Poy,38
98,Benadum,30
98,Cheektowaga,30
98,Rensselaer variant,28
98,Saugatuck,28
98,Mundelein,25
99,Hoytville,4050570
99,Parkhill,2300722
99,Tappan,1682679
99,Londo,1457040
99,Conover,1386791
99,Selfridge,1354146
99,Pipestone,1250939
99,Latty,1219282
99,Nappanee,989300
99,Toledo,946605
99,Lenawee,936919
99,Blount,872699
99,Shebeon,825011
99,Paulding,792529
99,Ziegenfuss,735657
99,Pewamo,735340
99,Granby,651978
99,Belleville,644868
99,Guelph,594681
99,Tedrow,569710
99,Avoca,556719
99,Mermill,521576
99,Kibbie,520294
99,Kilmanagh,512105
99,Covert,488469
99,Colwood,443134
99,Sloan,422363
99,Fulton,412147
99,Riverfront,405612
99,Metamora,396373
99,Ottokee,388787
99,Poseyville,382059
99,Haskins,348973
99,Del Rey,342355
99,Allendale,338308
99,Corunna,336835
99,Kingsville,310942
99,Midtown,309483
99,Wasepi,288746
99,Roselms,276635
99,Oakville,269673
99,Gilford,239886
99,Boyer,228646
99,Spinks,227087
99,Bach,220969
99,Thetford,217796
99,Wauseon,212447
99,Iosco,206592
99,Brems,204285
99,Williamstown,201578
99,Brookston,184759
99,Anthroportic Udorthents,180085
99,Rimer,165846
99,Cohoctah,164755
99,Aurand,153725
99,Rapson,147977
99,Roscommon,147457
99,Plainfield,147389
99,Ceresco,144029
99,Seward,143208
99,Deford,142123
99,Sims,138351
99,Misteguay,138119
99,Tobico,136239
99,Wainola,135215
99,Dixboro,129651
99,Sanilac,128782
99,Lamson,128518
99,Alluvial land,126498
99,Glynwood,124171
99,Millgrove,123113
99,Adrian,122821
99,Marlette,118464
99,Badaxe,116001
99,Brevort,114236
99,Saverine,111766
99,Shoals,110856
99,Zilwaukee,107247
99,Grindstone,105898
99,Linwood,105476
99,Macomb,105237
99,Wixom,103427
99,Grattan,103424
99,Pella,100912
99,Palms,99446
99,Essexville,95431
99,Millsdale,95133
99,Houghton,95018
99,Freesoil,92890
99,Brady,92273
99,Digby,91906
99,St. Clair,83644
99,Tonkey,82359
99,Livonia,79588
99,Bixler,78969
99,McBride,78905
99,Chelsea,77953
99,Udorthents,77210
99,Aubarque,75288
99,Fortress family,73261
99,Castalia,72408
99,Rousseau,69142
99,Kinross,66739
99,Minoa,62532
99,Wabasha,61123
99,Pert,60580
99,Gladwin,60401
99,Frankenmuth,59969
99,Genesee,58661
99,Arenac,56134
99,Melita,55186
99,Bowers,53974
99,Carlisle,53509
99,Metea,53373
99,Montcalm,53191
99,Locke,52021
99,Belmore,51444
99,Epoufette,50710
99,Coral,48649
99,Mancelona,47062
99,Dunbridge,45910
99,Menominee,45206
99,Timakwa,45178
99,Houcktown,42765
99,Ensley,42750
99,Colonie,42553
99,Pinconning,39959
99,Capac,39757
99,Ithaca,39242
99,Randolph,39036
99,Jeddo,38831
99,Oshtemo,38637
99,Perrin,38560
99,Thomas,37784
99,Saranac,37427
99,Milton,37273
99,Ingalls,37144
99,Broughton,36583
99,Chesaning,35893
99,Eel,33927
99,Ingersoll,32375
99,Rensselaer,32193
99,Grayling,31543
99,Washtenaw,31412
99,Rawson,30674
99,Haney,28223
99,Tuscola,28083
99,Lucas,27601
99,Glenford,27041
99,Griffin,26698
99,Pickford,26665
99,Whitaker,26196
99,Riverdale,26047
99,Arkona,25766
99,Belding,25173
99,Morley,25149
99,Shiawassee,25119
99,Ypsi,25067
99,Wolcott,25007
99,Winegars,24412
99,Sisson,23532
99,Kawkawlin,23408
99,Edwards,23179
99,Edmore,23032
99,Palo,22331
99,Eastport,22307
99,Crosier,21554
99,Miami,21320
99,Celina,21138
99,Mitiwanga,21134
99,Berville,20907
99,Otisco,20903
99,Rossburg,20396
99,Berrien,20038
99,Shinrock,19375
99,Fox,19319
99,Wisner,18734
99,Wheatley,18127
99,Alvada,17902
99,Marblehead,17403
99,Strawn,16455
99,Twining,16180
99,Arkport,15651
99,Sebewa,15618
99,Bono,15589
99,Sickles,15431
99,Richter,15328
99,Channahon,15077
99,Filion,14961
99,Onekama,14668
99,Ocqueoc,14646
99,Cadmus,14239
99,"Rensselaer, till substratum",14002
99,Breckenridge,13893
99,Gagetown,13747
99,Shawtown,13484
99,Newaygo,13176
99,Owosso,13139
99,Hettinger,13039
99,Ritchey,12859
99,Weyers,12382
99,Nester,12297
99,Lamberjack,12225
99,Burleigh,12218
99,Dryden,12004
99,Ross,11836
99,Matherton,11773
99,Willette,11752
99,Cygnet,11751
99,Greenwood,11520
99,Chagrin,11353
99,Bronson,11322
99,Galen,11320
99,Defiance,11107
99,Bruce,10950
99,Tiderishi,10937
99,Rifle,10539
99,Jenera,10446
99,Fabius,10273
99,Sumava,10166
99,Gallman,10045
99,Pinnebog,10041
99,Spalding,10008
99,Brimley,10005
99,Flatrock,9610
99,Mentor,9121
99,Ronald,8945
99,Deerton,8892
99,Landes,8763
99,Dighton,8566
99,Milford,8470
99,Wawasee,8458
99,Lapeer,8288
99,Riddles,8256
99,Aurelius,8245
99,Vanlue,7857
99,Medway,7381
99,Saugatuck,7276
99,Sandusky,7241
99,Selkirk,7222
99,Bennington,6584
99,Lupton,6281
99,Fluvaquentic Eutrudepts,6121
99,Rudyard,5880
99,Evart,5872
99,Kalkaska,5372
99,Mecosta,5366
99,Fitchville,5267
99,Martinsville,5229
99,Elliott,5221
99,Winterfield,5215
99,Mcgregor,5115
99,Knoxdale,5067
99,Crosby,5036
99,Abscota,5030
99,Toussaint,4709
99,Del Rey Variant,4683
99,Joliet,4591
99,Typic Endoaquents,4465
99,Endoaquents,4456
99,Carbondale,4142
99,Branch,3743
99,"Thackery, till substratum",3709
99,Barry,3686
99,Ubly,3684
99,Filer,3664
99,Coloma,3549
99,Algansee,3415
99,Ionia,3404
99,Tuscola Variant,3298
99,Risingsun,3284
99,Rollersville,3284
99,Westland,3243
99,Tyre,3227
99,Altmar,3215
99,Wallkill,3086
99,"Oshtemo, till substratum",2851
99,Darroch,2821
99,Colonville,2779
99,Mermill Variant,2587
99,Minster,2558
99,Wallace,2557
99,Aquents,2533
99,Patton,2394
99,Mortimer,2332
99,Manistee,2322
99,Kokomo,2284
99,"Shinrock, till substratum",2233
99,Roundhead,2223
99,Kendallville,2184
99,Milton Variant,2179
99,"Sloan, limestone substratum",2145
99,Charity,2035
99,Chili,2003
99,"Flatrock, limestone substratum",1792
99,"Medway, limestone substratum",1721
99,Olentangy,1709
99,Aeric Epiaquents,1701
99,Isabella,1646
99,Glendora,1632
99,Warners,1575
99,Vaughnsville,1559
99,Elnora,1414
99,Lacota,1395
99,Holly,1384
99,Saylesville,1322
99,Markey,1269
99,Tedrow Variant,1241
99,Plumbrook,1217
99,Pandora,1207
99,Genesee variant,1182
99,Muskego,1177
99,Kerston,1153
99,Ontonagon,1119
99,Kent,1116
99,Ormas,1115
99,Woodbeck,1099
99,Orrville,970
99,Cardington,965
99,Fulton Variant,949
99,Rubicon,826
99,"Rimer, deep phase",824
99,Shinrock Variant,746
99,Huntington,735
99,Mussey,723
99,Vestaburg,713
99,"Fulton, till substratum",710
99,Perrinton,682
99,Ogemaw,676
99,Wabasha Variant,675
99,Au Gres,673
99,Harrod,659
99,Genesee Variant,611
99,Loxley,610
99,Saganing,548
99,Croswell,513
99,Hoytville Variant,412
99,Shoals Variant,370
99,Munuscong,333
99,Psammaquents,333
99,Maumee,311
99,Hillsdale,290
99,Rondeau,273
99,Tawas,273
99,Ogontz,256
99,Bergland,249
99,Bohemian,238
99,Udipsamment,218
99,Lybrand,212
99,Fluvaquents,193
99,Ottawa,181
99,Zurich,157
99,Digby Variant,136
99,Biglick,133
99,Huron,95
99,Rollin,92
99,Graycalm,84
99,Jimtown,60
99,Martisco,46
99,Condit,39
99,Sebring,38
99,Ogden,34
99,Perth,26
99,Wallkill Variant,22
94A,Graycalm,3752288
94A,Rubicon,2113903
94A,Montcalm,2058600
94A,Kalkaska,1942310
94A,Grayling,1722815
94A,Tawas,1162251
94A,Lupton,1049058
94A,Klacking,982343
94A,Croswell,877390
94A,Blue Lake,744690
94A,Nester,673658
94A,Au Gres,624187
94A,Coloma,564877
94A,Islandlake,537868
94A,Kawkawlin,415809
94A,Mancelona,374378
94A,Grattan,355159
94A,Millersburg,352863
94A,Roscommon,352455
94A,Menominee,307353
94A,East Lake,304723
94A,McGinn,280777
94A,Emmet,278288
94A,Typic Udipsamments,271825
94A,Leelanau,269190
94A,Ossineke,266623
94A,Alfic Haplorthods,264051
94A,Morganlake,252592
94A,Spinks,235394
94A,Iosco,213825
94A,McBride,206790
94A,Onekama,202459
94A,Cheboygan,202370
94A,Leafriver,194762
94A,Allendale,193310
94A,Lindquist,190863
94A,Wakeley,178845
94A,Karlin,178435
94A,Deford,176662
94A,Lamellic Udipsamments,159326
94A,Remus,145848
94A,Kinross,145362
94A,Isabella,140506
94A,Manistee,140370
94A,Kaleva,139314
94A,Metea,135376
94A,Horsehead,132392
94A,Entic Haplorthods,126379
94A,Loxley,124653
94A,Sims,123331
94A,Bamfield,116138
94A,Carbondale,111451
94A,Ausable,108574
94A,Bowstring,93357
94A,Algonquin,86826
94A,Markey,85884
94A,Onaway,81738
94A,Otisco,81428
94A,Houghton,78569
94A,Ubly,78108
94A,Glennie,76113
94A,Plainfield,75462
94A,Southwells,73592
94A,Dawson,73101
94A,Hoist,71817
94A,Slade,71691
94A,Brevort,70231
94A,Chinwhisker,69589
94A,Cathro,68320
94A,Chelsea,67256
94A,Perecheney,65404
94A,Mossback,62201
94A,Kent,62056
94A,Marlette,60571
94A,Coppler,60080
94A,Selkirk,59869
94A,Springport,58517
94A,Negwegon,57147
94A,Mecosta,56156
94A,Tacoda,56122
94A,Kellogg,51416
94A,Carlisle,50668
94A,Tonkey,49879
94A,Evart,48674
94A,Angelica,47724
94A,Benzonia,47298
94A,Hodenpyl,43611
94A,Springlake,40459
94A,Gladwin,38233
94A,Finch,38119
94A,Dorval,37955
94A,Melita,37315
94A,Gerrish,36815
94A,Annalake,35801
94A,Dighton,35292
94A,Killmaster,34211
94A,Riggsville,33661
94A,Lamellic Haplorthods,32972
94A,Adrian,32851
94A,Covert,31150
94A,Ensley,29251
94A,Wheatley,27760
94A,Filer,27446
94A,Greenwood,26554
94A,Benona,26420
94A,Winterfield,25524
94A,Belding,24953
94A,Bowers,24921
94A,Typic Glossudalfs,24863
94A,Fairport,23306
94A,Richter,22250
94A,Rifle,22023
94A,Leoni,20610
94A,Krakow,20539
94A,Hartwick,18671
94A,Feldhauser,18607
94A,Zimmerman,18508
94A,Ingalls,18415
94A,Newaygo,18394
94A,Cublake,17963
94A,Tustin,17210
94A,Hettinger,16356
94A,Coventry,16345
94A,Woodman,16285
94A,Curtisville,16279
94A,Thetford,15154
94A,Alstad,14816
94A,Shavenaugh,14646
94A,Arenic Hapludalfs,14311
94A,Pinnebog,13724
94A,Pipestone,13007
94A,Locke,12577
94A,Ithaca,12449
94A,Burleigh,12322
94A,Pickford,12309
94A,Edmore,12268
94A,Pinconning,12072
94A,Twining,11683
94A,Rollaway,11581
94A,Halfaday,11313
94A,Omena,10340
94A,Capac,9990
94A,Aubbeenaubbee,9924
94A,Hessel,9782
94A,Arkona,9600
94A,Mongo,9382
94A,Ocqueoc,9131
94A,Kerston,9043
94A,Edwards,9042
94A,Sloan,9005
94A,Perrinton,8608
94A,Glendora,8507
94A,Argic Endoaquods,8307
94A,Kokosing,8260
94A,Wixom,8052
94A,Colonville,7842
94A,Algansee,7785
94A,Selfridge,7320
94A,Epoufette,7080
94A,Alcona,6995
94A,Thunderbay,6555
94A,Hagensville,6451
94A,Deerheart,6424
94A,Corunna,6085
94A,Shoals,6054
94A,Linwood,5991
94A,Typic Haplorthods,5932
94A,Brimley,5900
94A,Sprinkler,5687
94A,Detour,5610
94A,Rondeau,5416
94A,Riverdale,5404
94A,Cohoctah,5399
94A,Ogemaw,5190
94A,Grousehaven,5156
94A,Tekenink,4948
94A,Tatches,4847
94A,Caffey,4793
94A,Battlefield,4791
94A,Wauseon,4714
94A,Alpena,4673
94A,Ontonagon,4645
94A,Rousseau,4512
94A,Nunica,4325
94A,Typic Endoaquods,4277
94A,Palms,4264
94A,Vestaburg,4086
94A,Wallace,3950
94A,Saugatuck,3944
94A,Bonduel,3877
94A,Durkeelake,3831
94A,Coral,3790
94A,Toogood,3770
94A,Boyer,3611
94A,Geels,3551
94A,Kingsville,3546
94A,Bruce,3461
94A,Cunard,3452
94A,Kiva,3452
94A,Brems,3407
94A,Oxyaquic Udipsamments,3364
94A,Bohemian,3171
94A,Solona,3003
94A,Saranac,2920
94A,Pinewood,2654
94A,Ziegenfuss,2513
94A,Metamora,2355
94A,Arnheim,2227
94A,Proper,2072
94A,Alluvial land,1954
94A,Rudyard,1939
94A,Ormas,1867
94A,Glawe,1604
94A,Belleville,1538
94A,Nessen,1513
94A,Bergland,1453
94A,Aquic Udipsamments,1450
94A,Willette,1439
94A,Flink,1434
94A,Parmalee,1357
94A,Debolt,1354
94A,Moltke,1339
94A,Abscota,1337
94A,Arenic Glossudalfs,1257
94A,Munuscong,1254
94A,Charity,1159
94A,Traverse,1034
94A,Del Rey,1008
94A,Grace,909
94A,Fogg,825
94A,Kneff,812
94A,Breckenridge,806
94A,Parkhill,781
94A,Hottis,779
94A,Summerville,754
94A,Cosad,751
94A,Sickles,723
94A,Napoleon,717
94A,Arkport,674
94A,Dair,666
94A,Nadeau,659
94A,Charlevoix,607
94A,Brethren,564
94A,Wasepi,556
94A,Chestonia,548
94A,Warners,544
94A,Watseka,523
94A,Lamson,413
94A,Gauld,409
94A,Ceresco,374
94A,Eastport,364
94A,Guelph,290
94A,Mackinac,276
94A,Corsair,262
94A,Ruse,247
94A,Minoa,240
94A,Mcivor,226
94A,Granby,222
94A,Dixboro,211
94A,Alfic Oxyaquic Haplorthods,205
94A,Wabun,198
94A,Barker,194
94A,Lacota,184
94A,Wurtsmith,169
94A,Woodbeck,138
94A,Milnichol,124
94A,Fern,104
94A,Gilford,97
94A,Mollineaux,86
94A,Healylake,58
94A,Thompsonville,50
94A,Jebavy,47
94A,Ensign,34
94A,Lumley,32
94A,Makinen,32
94A,Whittemore,31
94A,Londo,13
94A,Esau,9
94A,Sanilac,6
94C,Emmet,738301
94C,Tawas,656197
94C,Au Gres,613211
94C,Rubicon,606361
94C,Grayling,587501
94C,Blue Lake,476948
94C,Roscommon,411909
94C,Leelanau,343639
94C,Croswell,335128
94C,Kalkaska,327088
94C,Lupton,322988
94C,Montcalm,295699
94C,East Lake,291473
94C,Deford,271205
94C,Brevort,183212
94C,Iosco,174969
94C,Carbondale,164869
94C,Wakeley,151053
94C,Graycalm,150252
94C,Cheboygan,138516
94C,Onaway,137818
94C,Algonquin,136432
94C,Alpena,131182
94C,Hessel,115683
94C,Cathro,112342
94C,Tacoda,109289
94C,Deer Park,103815
94C,Springport,99472
94C,Allendale,94961
94C,Ingalls,94957
94C,Detour,76871
94C,Mancelona,75132
94C,Ensley,73082
94C,Zimmerman,68423
94C,Eastport,68326
94C,Gladwin,66620
94C,Ossineke,65659
94C,Summerville,65405
94C,Krakow,63890
94C,Negwegon,57419
94C,Hettinger,57225
94C,Belding,56016
94C,Nester,55100
94C,Bowers,53258
94C,Epoufette,52750
94C,Annalake,52474
94C,Namur,49743
94C,Burleigh,48851
94C,Finch,47785
94C,Omena,44167
94C,Tonkey,43992
94C,Proper,43563
94C,Kiva,42767
94C,Meehan,41567
94C,Wurtsmith,40343
94C,Typic Udipsamments,39237
94C,Pinconning,38240
94C,Menominee,37686
94C,Hagensville,37649
94C,Riggsville,37610
94C,Charlevoix,37486
94C,Rousseau,36514
94C,Ocqueoc,35425
94C,Charity,35145
94C,Twining,34647
94C,Wheatley,33952
94C,Morganlake,33286
94C,Brimley,32390
94C,Whittemore,32354
94C,Johnswood,32081
94C,Mcivor,31175
94C,Rudyard,29745
94C,Manary,29666
94C,Sims,29329
94C,Linwood,28523
94C,Kawkawlin,27871
94C,Leafriver,27764
94C,Evart,27598
94C,Richter,26814
94C,Angelica,26399
94C,Kinross,26219
94C,Bruce,26117
94C,Ruse,25667
94C,Chippeny,25458
94C,Battlefield,22909
94C,Alluvial land,22028
94C,Aquic Udipsamments,21502
94C,Slade,20780
94C,Pickford,20690
94C,Breckenridge,20564
94C,Thomas,19961
94C,Potagannissing,19680
94C,Klacking,19467
94C,Dorval,19129
94C,Mackinac,18774
94C,Solona,18622
94C,Alcona,17865
94C,Alfic Haplorthods,16974
94C,Bowstring,16902
94C,Wisner,16848
94C,Dawson,16464
94C,Cunard,15581
94C,Hoist,15276
94C,Iargo,13837
94C,Thunderbay,13626
94C,Chelsea,13578
94C,Ontonagon,13454
94C,Typic Duraquods,12965
94C,Horsehead,12840
94C,Otisco,12674
94C,Moltke,11881
94C,Greenwood,11361
94C,Wallace,11243
94C,Alstad,11147
94C,Lacota,10953
94C,Colonville,10870
94C,Entic Haplorthods,10761
94C,Bonduel,10652
94C,Grace,10391
94C,Winterfield,10315
94C,Crowell,10224
94C,Loxley,10211
94C,Ensign,9771
94C,Glawe,9696
94C,Ausable,9211
94C,Kanotin,9141
94C,Lachine,9089
94C,Argic Endoaquods,8944
94C,Esau,8693
94C,Skeel,8656
94C,Selkirk,8371
94C,Glennie,8159
94C,Grousehaven,8117
94C,Wainola,8067
94C,Melita,8029
94C,Wabun,7998
94C,Nadeau,7520
94C,Caffey,7010
94C,Markey,6774
94C,Maumee,6699
94C,Rollaway,6458
94C,Cublake,5996
94C,Chestonia,5634
94C,Manistee,5615
94C,Chinwhisker,5362
94C,Adrian,5267
94C,Saugatuck,5257
94C,Ubly,5014
94C,Isabella,5008
94C,Mongo,4933
94C,Kellogg,4902
94C,Willette,4890
94C,Fairport,4629
94C,St. Ignace,4561
94C,Elcajon,4384
94C,Warners,4010
94C,Curtisville,3727
94C,Millersburg,3679
94C,Edwards,3649
94C,Kerston,3341
94C,Nunica,3196
94C,Coppler,3083
94C,Barker,3019
94C,Bohemian,2987
94C,Killmaster,2847
94C,Typic Endoaquods,2768
94C,Kokosing,2716
94C,Dighton,2650
94C,Cohoctah,2565
94C,Corsair,2271
94C,Ogemaw,2037
94C,McGinn,1990
94C,Bergland,1978
94C,Saganing,1881
94C,Lindquist,1728
94C,Rondeau,1659
94C,Munuscong,1559
94C,Duel,1404
94C,Pipestone,1187
94C,Typic Glossudalfs,1140
94C,Covert,1113
94C,Bamfield,1057
94C,Longrie,1050
94C,Ceresco,1011
94C,Grattan,1005
94C,Rifle,922
94C,Edmore,722
94C,Tobico,712
94C,Arenic Eutroboralfs,700
94C,Essexville,557
94C,Sprinkler,513
94C,Kent,439
94C,Timakwa,412
94C,Arenic Hapludalfs,297
94C,Arnheim,284
94C,Spot,218
94C,Parkhill,130
94C,Houghton,101
94C,Selfridge,61
