"","M110","M110-111C-1","M110-111C-2","M110-111D","M110-97","M110-98","M111B-1","M111B-2","M111C","M94A","M94A-98","M94C-1","M94C-2","M94C-96","M96","M96-94A","M96-98","M97","M97-110","M97-98","M98-1","M98-110-1","M98-111B","M98-111C","M98-111C-2","M98-2","M98-3","M98-4","M99-1","M99-2"
"1","Ashkum","Rensselaer","Selma","Drummer","Orthents","Bryce","Blount","Blount","Crosier","Graycalm","Coloma","Water","Grayling","Emmet","Kaleva","Coloma","Plainfield","Orthents","Riddles","Plainfield","Marlette","Gilford","Wawasee","Boyer","Gilford","Oshtemo","Tracy","Maumee","Hoytville","Parkhill"
"2","Elliott","Wolcott","Odell","Rockfield","Ashkum","Reddick","Pewamo","Glynwood","Riddles","Rubicon","Spinks","Rubicon","Au Gres","Blue Lake","Emmet","Plainfield","Spinks","Plainfield","Tracy","Pipestone","Conover","Selma","Conover","Riddles","Maumee","Kalamazoo","Elston","Gilford","Latty","Tappan"
"3","Ozaukee","Darroch","Ridgeville","Rainsville","Alfic Udarents","Milford","Glynwood","Pewamo","Oshtemo","Kalkaska","Remus","Tawas","Tawas","Montcalm","Leelanau","Typic Udipsamments","Coloma","Blount","Chelsea","Covert","Capac","Ridgeville","Marlette","Oshtemo","Morocco","Spinks","Coupee","Morocco","Nappanee","Londo"
"4","Bryce","Gilford","Gilford","Williamstown","Aquents","Watseka","Del Rey","Morley","Brookston","Montcalm","Metea","Au Gres","Croswell","Leelanau","East Lake","Grattan","Grattan","Oshtemo","Blount","Granby","Spinks","Water","Fox","Marlette","Oakville","Hillsdale","Bourbon","Oakville","Toledo","Pipestone"
"5","Milford","Odell","Corwin","Chalmers","Elliott","Mokena","Milford","Rawson","Rensselaer","Grayling","Montcalm","East Lake","Rubicon","Kalkaska","Water","Roscommon","Benona","Capac","Aquolls","Saugatuck","Tekenink","Ade","Boyer","Spinks","Rensselaer","Houghton","Sebewa","Granby","Blount","Conover"
"6","Markham","Drummer","Pella","Barce","Milford","Swygert","Tiro","Miami","Wawasee","Tawas","Grattan","Roscommon","Roscommon","Tawas","Benzonia","Tawas","Covert","Spinks","Histosols","Au Gres","Boyer","Braidwood","Houghton","Houghton","Chelsea","Coloma","Gilford","Brems","Lenawee","Selfridge"
"7","Orthents","Selma","La Hogue","Selma","Martinton","Andres","Pandora","Houghton","Metea","Lupton","Graycalm","Lupton","Deford","Water","Kalkaska","Kaleva","Pipestone","Riddles","Ozaukee","Kawkawlin","Filer","Darroch","Williamstown","Fox","Wolcott","Riddles","Hanna","Watseka","Paulding","Shebeon"
"8","Swygert","Martinsville","Darroch","Montmorenci","Watseka","Selma","Shoals","Haskins","Houghton","Klacking","Plainfield","Emmet","Iosco","Onaway","Spinks","Montcalm","Entic Haplorthods","Chelsea","Washtenaw","Onekama","Parkhill","Rockton","Capac","Hillsdale","Brems","Boyer","Pinhook","Zadog","Pewamo","Guelph"
"9","Beecher","Whitaker","Chelsea","Odell","Selma","Martinton","Minster","Rensselaer","Miami","Croswell","Onekama","Blue Lake","Graycalm","Rubicon","Coloma","Graycalm","Metea","Oakville","Fluvaquents","Roscommon","Brookston","Granby","Brookston","Capac","Seafield","Sebewa","Tyner","Plainfield","Ziegenfuss","Kilmanagh"
"10","Drummer","Conover","Sparta","Corwin","Darroch","Elliott","Water","Fox","Ormas","Blue Lake","Houghton","Cheboygan","Brevort","Carbondale","Rubicon","Entic Haplorthods","Water","Thetford","Houghton","Perrinton","Houghton","Watseka","Spinks","Water","Watseka","Water","Adrian","Rensselaer","Mermill","Covert"
